{{DEFAULTSORT:Conmunes Nord}}
[[Catégorie:Jéografi]]
[[Catégorie:Nord]]

[[bar:Kategorie:Gemeinde im Département Nord]]
[[br:Rummad:Kumunioù an Norzh (departamant)]]
[[ca:Categoria:Municipis del Nord]]
[[ceb:Kategoriya:Mga komyun sa departamento sa Nord]]
[[cy:Categori:Cymunedau Nord]]
[[de:Kategorie:Gemeinde im Département Nord]]
[[en:Category:Communes of Nord]]
[[eo:Kategorio:Komunumoj de Nord]]
[[es:Categoría:Localidades de Norte]]
[[fi:Luokka:Nordin kunnat]]
[[fr:Catégorie:Commune du Nord]]
[[id:Kategori:Komune di Nord]]
[[it:Categoria:Comuni del dipartimento del Nord]]
[[ja:Category:ノール県のコミューン]]
[[lb:Kategorie:Gemengen am Departement Nord]]
[[nl:Categorie:Gemeente in het Noorderdepartement]]
[[oc:Categoria:Comuna del Nòrd]]
[[pt:Categoria:Comunas do departamento de Nord]]
[[ru:Категория:Коммуны департамента Нор]]
[[th:หมวดหมู่:เมืองในจังหวัดนอร์]]
[[uk:Категорія:Муніципалітети департаменту Нор]]
[[vec:Categoria:Comuni del dipartimento del Nord]]
[[vi:Thể loại:Thị trấn của Nord]]
[[vls:Categorie:Gemêente in het Departement du Nord]]
[[vo:Klad:Zifs in Nord]]
[[war:Category:Mga komyun han Nord]]